,SeriousDlqin2yrs,RevolvingUtilizationOfUnsecuredLines,age,NumberOfTime30-59DaysPastDueNotWorse,DebtRatio,MonthlyIncome,NumberOfOpenCreditLinesAndLoans,NumberOfTimes90DaysLate,NumberRealEstateLoansOrLines,NumberOfTime60-89DaysPastDueNotWorse,NumberOfDependents
1,1,0.7661266090000001,45,2,0.8029821290000001,9120.0,13,0,6,0,2.0
2,0,0.9571510190000001,40,0,0.12187620099999999,2600.0,4,0,0,0,1.0
3,0,0.65818014,38,1,0.085113375,3042.0,2,1,0,0,0.0
4,0,0.23380977600000002,30,0,0.036049682,3300.0,5,0,0,0,0.0
5,0,0.9072394,49,1,0.024925695,63588.0,7,0,1,0,0.0
6,0,0.21317868199999998,74,0,0.375606969,3500.0,3,0,1,0,1.0
7,0,0.305682465,57,0,5710.0,,8,0,3,0,0.0
8,0,0.754463648,39,0,0.20994001699999998,3500.0,8,0,0,0,0.0
9,0,0.116950644,27,0,46.0,,2,0,0,0,
10,0,0.189169052,57,0,0.606290901,23684.0,9,0,4,0,2.0
11,0,0.644225962,30,0,0.30947621,2500.0,5,0,0,0,0.0
12,0,0.01879812,51,0,0.53152876,6501.0,7,0,2,0,2.0
13,0,0.010351856999999999,46,0,0.298354075,12454.0,13,0,2,0,2.0
14,1,0.964672555,40,3,0.38296474700000005,13700.0,9,3,1,1,2.0
15,0,0.019656581,76,0,477.0,0.0,6,0,1,0,0.0
16,0,0.548458062,64,0,0.20989175399999999,11362.0,7,0,1,0,2.0
17,0,0.061086117999999995,78,0,2058.0,,10,0,2,0,0.0
18,0,0.166284079,53,0,0.18827406,8800.0,7,0,0,0,0.0
19,0,0.22181277100000002,43,0,0.527887839,3280.0,7,0,1,0,2.0
20,0,0.602794411,25,0,0.065868263,333.0,2,0,0,0,0.0
21,0,0.20092338199999998,43,0,0.430046338,12300.0,10,0,2,0,0.0
22,1,0.025655677,38,0,0.47584138600000003,3000.0,7,0,1,0,2.0
23,0,0.9999998999999999,39,0,0.241103559,2500.0,4,0,0,0,0.0
24,0,0.075426584,32,0,0.085512189,7916.0,6,0,0,0,0.0
25,0,0.04656027,58,0,0.241621845,2416.0,9,0,1,0,0.0
26,1,0.392248482,50,0,1.595253368,4676.0,14,0,3,0,1.0
27,0,0.052436094,58,0,0.097672186,8333.0,22,0,1,0,0.0
28,0,0.034421473,69,0,0.042383047,2500.0,17,0,0,0,1.0
29,0,0.45251582799999995,24,0,0.011761246999999999,3400.0,1,0,0,0,0.0
30,0,0.39299458600000003,58,2,0.436102527,5500.0,15,0,1,0,0.0
31,0,0.704073982,28,1,0.155201143,4200.0,8,0,0,0,0.0
32,0,0.9999998999999999,24,0,0.472703063,750.0,1,0,0,0,0.0
33,0,0.083418009,62,0,977.0,,6,0,1,0,0.0
34,0,0.18686855600000002,57,0,0.313812313,7000.0,9,0,2,0,0.0
35,0,0.6933296809999999,42,2,0.257731959,2230.0,7,0,0,0,0.0
36,0,0.0,64,0,0.073538769,11000.0,9,0,1,0,0.0
37,0,0.881836362,50,3,0.567858035,4000.0,9,0,1,0,1.0
38,0,0.9999998999999999,75,1,0.134078212,3400.0,1,0,1,0,1.0
39,0,0.363636364,26,0,0.00999001,1000.0,1,0,0,0,0.0
40,0,0.304490668,52,0,0.8083404740000001,3500.0,10,0,2,0,0.0
41,0,0.71998531,41,1,0.539554464,5700.0,14,0,1,0,0.0
42,0,0.07289757,81,0,75.0,,7,0,0,0,0.0
43,0,0.46905684200000003,31,0,0.048211004,9250.0,4,0,0,0,1.0
44,0,0.718705378,28,0,0.17012561399999998,3661.0,4,0,0,0,1.0
45,0,0.368875933,68,0,1687.5,1.0,31,0,1,0,0.0
46,0,0.000602723,70,0,0.177787036,16800.0,12,0,1,0,2.0
47,0,0.061440132,62,0,0.011167837,3133.0,2,0,0,0,0.0
48,0,0.140110634,31,0,0.689370485,1937.0,4,0,2,0,0.0
49,0,0.834048027,38,0,0.393662026,13000.0,13,0,2,0,2.0
50,0,7.96e-05,70,0,0.256339661,6900.0,21,1,1,0,0.0
51,0,0.818977517,73,0,3095.0,0.0,9,0,1,1,0.0
52,1,0.728150491,31,0,0.824725092,3000.0,10,0,2,0,1.0
53,0,0.9999998999999999,62,0,0.0,,1,0,0,0,0.0
54,0,0.028562367,51,0,0.306381499,5750.0,5,0,1,0,0.0
55,0,0.9920159679999999,29,0,0.008064515999999999,2231.0,1,0,0,0,0.0
56,0,0.070853769,55,0,0.073147745,13793.0,4,0,1,0,0.0
57,0,0.454971915,46,1,0.016921775,13000.0,10,0,0,0,1.0
58,0,0.401199782,64,0,0.35125893700000005,3216.0,4,0,1,0,0.0
59,0,0.5411088039999999,43,0,2477.0,,3,0,1,0,2.0
60,0,0.655569945,35,0,0.261609907,5813.0,10,0,0,0,2.0
61,0,0.651603452,58,0,0.241135663,7783.0,11,0,1,0,0.0
62,0,0.027399502000000003,69,0,0.00803428,5600.0,3,0,0,0,0.0
63,0,0.10115582099999999,72,0,1720.0,,12,0,2,0,0.0
64,0,0.009788861999999999,46,0,1.051397656,3326.0,6,0,2,0,2.0
65,0,0.337520702,60,0,0.549877805,4500.0,10,0,2,0,0.0
66,0,0.0,67,0,0.540983607,3720.0,2,0,1,0,0.0
67,0,0.750873672,55,2,0.316416365,7723.0,17,0,1,0,1.0
68,0,0.006799093000000001,27,1,0.6810457520000001,764.0,3,0,0,0,0.0
69,0,0.0042640790000000005,31,0,0.11144427800000001,2000.0,6,1,0,0,2.0
70,0,0.26948375,64,0,0.16106176,9455.0,13,0,1,0,3.0
71,0,0.265898391,36,0,0.262611807,8384.0,6,0,2,0,1.0
72,0,0.142013011,67,0,1824.0,,7,0,2,0,0.0
73,0,0.827708197,56,0,0.369590815,6793.0,15,1,1,0,0.0
74,0,0.059668871,31,0,3162.0,0.0,11,0,2,0,1.0
75,1,0.13306279,49,1,0.182881653,10257.0,9,0,2,0,3.0
76,0,0.234218112,36,0,0.116614347,8600.0,19,0,0,0,3.0
77,0,0.12229593300000001,29,0,0.694646949,4800.0,5,0,1,0,0.0
78,0,0.46037631700000003,37,0,0.074155949,4975.0,6,0,0,0,0.0
79,0,0.335558577,69,0,0.270448637,15000.0,14,0,2,0,1.0
80,0,0.270522569,41,0,2.797698945,1042.0,11,0,2,0,2.0
81,0,0.183316667,52,0,0.11113162300000001,10833.0,14,0,2,0,1.0
82,0,0.074861676,66,0,0.208842479,4500.0,3,0,1,0,0.0
83,0,0.017258976999999998,53,0,2.604510673,12414.0,13,0,1,0,2.0
84,0,0.054497069,56,0,0.492021814,4950.0,18,0,2,0,0.0
85,0,0.029164236,31,0,0.395031809,3300.0,10,0,1,0,0.0
86,0,0.0,58,0,0.31614487399999996,4886.0,9,0,1,0,1.0
87,0,0.360509632,58,1,3282.0,,8,0,2,0,0.0
88,0,0.0037496879999999997,64,0,0.004061230999999999,3200.0,5,0,0,1,0.0
89,1,0.734477501,45,0,0.591477634,4716.0,13,0,2,0,2.0
90,0,0.08056416799999999,60,0,0.48728899700000006,4916.0,15,0,2,0,0.0
91,0,0.039387786,51,0,15466.0,0.0,7,0,0,0,0.0
92,0,0.023767432999999998,83,0,0.123797734,10500.0,13,0,0,0,0.0
93,0,0.784835658,52,0,2662.0,,10,0,2,1,0.0
94,0,0.888822236,34,0,0.368403802,3050.0,4,0,0,0,1.0
95,0,0.791173628,44,0,0.51241535,3100.0,5,0,1,0,0.0
96,0,0.24535301,37,0,0.288417167,6500.0,11,1,1,1,0.0
97,0,0.542242704,48,2,10.0,,2,0,0,0,
98,0,0.010531378999999999,57,0,0.280664917,5714.0,6,0,1,0,0.0
99,0,0.363199686,32,0,0.48052395700000006,2900.0,4,0,1,0,0.0
100,0,0.032617977,75,0,0.006799093000000001,7500.0,4,0,0,0,0.0
101,0,0.013024673999999998,61,0,15.0,,4,0,0,0,0.0
102,0,0.019387778999999997,34,0,0.32591852,4000.0,9,0,1,0,0.0
103,0,0.634485057,52,0,0.138238573,2690.0,2,0,0,0,0.0
104,0,0.888008615,44,0,0.299246282,4908.0,8,0,0,0,1.0
105,0,0.0031088490000000003,57,0,0.258939285,8333.0,7,0,1,0,0.0
106,0,0.11483094099999999,46,0,0.026235802000000003,6250.0,6,0,0,0,3.0
107,0,0.018886792,80,0,0.0034787790000000004,10060.0,5,0,0,0,0.0
108,0,0.6354151570000001,32,0,0.519493502,3000.0,4,0,1,0,1.0
109,0,0.9999998999999999,62,0,0.664221287,8314.0,8,0,3,0,0.0
110,0,0.041257909,61,0,4739.0,,11,0,4,0,
111,0,0.096737158,47,0,0.009748781,8000.0,2,0,0,0,2.0
112,0,0.31844615,58,0,1.3826291080000002,3833.0,26,0,4,0,0.0
113,0,0.18698753399999998,52,0,0.023993145,3500.0,4,0,0,0,0.0
114,0,0.006541851,68,0,0.108089191,10000.0,10,0,2,0,1.0
115,0,0.180972181,39,1,0.384441575,3097.0,7,0,1,0,3.0
116,0,0.00750765,74,0,7.0,,4,0,0,0,0.0
117,0,0.06790706,46,0,0.149103029,10200.0,6,0,2,0,0.0
118,0,0.033461782,44,0,1.243362832,4067.0,5,0,2,0,1.0
119,0,0.0075205919999999996,68,0,269.0,,4,0,0,0,0.0
120,0,0.015271802,68,0,0.12290366,8168.0,6,0,0,0,0.0
121,0,0.51712072,31,0,0.123752495,500.0,3,0,0,0,0.0
122,0,0.31797579600000003,34,0,0.297933792,4500.0,11,0,2,0,0.0
123,0,0.29759464199999996,67,0,0.239507959,4145.0,13,0,0,0,0.0
124,0,0.444837661,58,0,0.366545247,14000.0,9,0,2,1,4.0
125,0,0.277956679,39,0,4090.0,,9,0,2,0,0.0
126,0,0.003722015,58,0,0.63332301,3228.0,5,0,1,0,0.0
127,0,0.0,61,0,0.2226598,3300.0,14,0,1,0,0.0
128,0,0.0,59,0,0.218854341,19167.0,13,0,2,0,0.0
129,0,0.151912549,36,0,0.26639446699999997,12000.0,22,0,2,0,0.0
130,0,0.0,59,0,0.35169962200000005,4500.0,12,0,1,0,0.0
131,0,0.17572759300000002,43,1,994.0,,4,0,1,0,0.0
132,0,0.011498563,77,0,0.001998002,1000.0,1,0,0,0,0.0
133,0,0.0,48,0,0.517468688,4550.0,7,0,2,0,0.0
134,0,0.163037489,81,0,0.086482558,2751.0,7,0,0,0,1.0
135,0,0.047311582000000005,51,0,0.10092034300000001,3150.0,5,0,0,0,0.0
136,0,0.083880003,53,0,0.19964753300000002,7943.0,8,0,1,0,0.0
137,0,0.08947834800000001,56,0,1.065901518,2700.0,11,0,1,0,2.0
138,0,0.773519223,63,0,1.129227053,4139.0,12,0,1,0,1.0
139,0,0.093962275,55,0,0.112051635,9450.0,6,0,2,0,0.0
140,0,0.21955042,54,0,0.315983758,5417.0,20,0,2,0,1.0
141,0,0.147996253,55,0,0.323088235,6799.0,5,0,1,0,0.0
142,0,0.5765185589999999,72,0,3031.0,,11,0,1,0,0.0
143,0,0.24387202100000002,53,0,0.534027778,8639.0,22,0,2,0,3.0
144,0,0.36248381799999996,27,0,567.0,,4,0,0,0,0.0
145,0,0.116676791,31,0,0.34359379100000004,3800.0,7,0,1,0,0.0
146,0,0.9999998999999999,38,0,0.43369976,5821.0,7,0,1,0,4.0
147,0,0.496911825,40,0,0.452363811,12500.0,11,0,2,0,2.0
148,0,0.130902106,48,1,0.427882174,3937.0,17,0,1,0,0.0
149,0,0.54699881,50,0,0.7480719790000001,3500.0,9,0,2,0,3.0
150,0,0.072277109,34,0,0.025911708,2083.0,2,0,0,0,0.0
151,0,0.0,48,2,0.370876375,3000.0,14,0,1,0,5.0
152,0,0.175932019,57,1,0.655812625,3500.0,9,0,1,0,1.0
153,0,0.050789842,30,0,0.315171207,4000.0,4,0,1,0,1.0
154,0,0.0,28,0,0.144616356,3166.0,7,0,0,0,0.0
155,0,0.21286031,36,0,0.563752087,9583.0,10,0,2,0,1.0
156,0,0.012682366,60,0,0.412979783,6825.0,20,0,2,0,0.0
157,0,0.121557062,58,0,0.342971419,12000.0,23,0,2,0,4.0
158,0,0.040795358,49,0,0.801999355,3100.0,11,0,1,0,0.0
159,0,0.147712223,40,0,0.034847816000000004,6800.0,6,0,0,0,3.0
160,0,0.0,63,0,2.0,,4,0,0,0,
161,0,0.0,50,1,0.7265669929999999,3477.0,5,0,1,0,1.0
162,0,0.07077191099999999,38,0,2088.0,,6,0,1,0,0.0
163,1,1.046279103,47,1,1.104301274,5416.0,6,0,2,0,1.0
164,0,0.323719804,63,0,0.6108412670000001,5146.0,9,0,2,0,2.0
165,0,0.36459777,42,0,0.593899089,6916.0,7,0,3,0,0.0
166,0,0.637736406,54,2,3.382196162,1875.0,9,0,2,0,0.0
167,0,0.081379827,63,0,1268.0,,8,0,1,0,0.0
168,0,0.020966389,29,0,639.5,1.0,3,0,1,0,2.0
169,0,0.170103002,36,0,0.138461538,7734.0,8,0,0,0,0.0
170,0,0.7718456309999999,33,0,0.8524295140000001,5000.0,7,0,3,0,0.0
171,0,0.05538241,72,0,0.089091313,4500.0,4,0,0,0,0.0
172,0,0.9999998999999999,29,0,974.0,,2,0,0,0,0.0
173,0,0.16653274,53,0,0.5436259489999999,7506.0,11,0,3,0,3.0
174,0,0.008632035,79,0,0.365151154,4200.0,9,0,1,0,0.0
175,0,0.13527952,58,0,0.342005076,9455.0,11,0,2,0,2.0
176,0,0.16757138900000002,69,0,0.330733853,5000.0,10,0,1,0,1.0
177,0,0.9999998999999999,69,0,0.0053191490000000004,2255.0,0,1,0,0,3.0
178,0,0.068335151,75,0,0.010927876000000001,10065.0,9,0,0,0,0.0
179,0,0.0,41,0,0.907538526,2400.0,6,0,1,0,0.0
180,1,0.946963874,35,0,1593.0,,6,0,1,0,1.0
181,0,0.405183973,46,0,0.667835346,7700.0,22,0,2,0,1.0
182,0,0.055549312999999996,65,0,2177.0,,6,0,1,0,1.0
183,0,0.676195456,55,0,0.436665827,3970.0,10,1,1,0,0.0
184,0,0.18498678699999999,55,4,3144.0,,11,0,1,0,0.0
185,1,0.08533829300000001,51,0,0.47750362799999996,6200.0,11,0,1,0,0.0
186,1,0.0,25,0,0.152896812,2916.0,3,0,0,1,0.0
187,1,0.7864854059999999,44,0,0.291709578,3883.0,7,2,0,2,1.0
188,0,0.0112096,86,0,13.0,,3,0,0,0,0.0
189,0,0.03833451,56,0,0.43891221799999997,5000.0,7,0,2,0,0.0
190,0,0.714980139,55,0,0.47090194,15000.0,12,0,2,0,3.0
191,0,0.043032042,64,0,0.33201638899999997,6833.0,14,0,2,0,0.0
192,0,1.095083357,53,5,0.536703799,3500.0,7,1,1,2,0.0
193,0,0.0,49,0,2932.0,,11,0,1,0,0.0
194,0,0.9999998999999999,55,0,0.156259612,3250.0,5,0,0,0,4.0
195,0,0.101430135,80,1,0.016196761,5000.0,9,0,0,0,0.0
196,1,0.025892468999999998,38,0,74.5,1.0,13,0,0,0,2.0
197,0,0.7621585609999999,44,4,0.22446550199999998,21000.0,5,0,1,0,3.0
198,0,0.231692268,40,0,0.119660709,3300.0,7,0,0,0,0.0
199,0,0.114869499,35,0,103.0,,6,0,0,0,0.0
200,0,0.035489848,69,0,0.308438695,3400.0,9,0,1,0,0.0
201,0,0.045423864,64,0,0.18131128600000002,5200.0,4,0,1,0,0.0
202,0,0.311954668,61,0,0.269281443,9866.0,12,0,2,0,2.0
203,0,0.07873891599999999,46,0,0.166215372,4800.0,6,0,1,0,4.0
204,0,0.137609462,49,0,0.42953389200000003,7272.0,11,0,2,0,0.0
205,0,0.030173038,64,0,0.17386957,9000.0,8,0,1,0,0.0
206,0,0.021978375,40,0,0.44375562399999996,10000.0,12,0,5,0,2.0
207,0,0.443696851,27,0,0.024340075,5833.0,4,0,0,0,0.0
208,0,0.007506793,60,0,1253.0,,8,0,1,0,1.0
209,0,0.046640327999999995,92,1,0.034326669,2650.0,13,0,0,0,0.0
210,0,0.29236594899999996,50,0,0.420180551,8750.0,8,0,2,0,0.0
211,0,0.20808276,64,0,2826.0,,14,0,2,0,0.0
212,0,0.9999998999999999,66,1,0.358101135,1937.0,4,1,0,0,0.0
213,0,0.013500824,53,0,0.183464028,19000.0,8,0,1,0,2.0
214,0,0.9999998999999999,62,0,0.04965839,6000.0,1,0,0,0,0.0
215,1,0.655316473,63,0,5223.0,,19,0,2,0,0.0
216,0,0.9999998999999999,50,2,1208.0,,4,0,1,0,0.0
217,0,0.028113957000000002,61,0,0.031349387,2200.0,12,0,0,0,0.0
218,0,0.22269620699999998,42,0,800.0,1.0,3,0,1,0,2.0
219,0,0.593985244,63,0,0.332698534,5250.0,4,0,2,0,0.0
220,0,0.017508178,73,1,0.13558915300000002,4166.0,12,0,1,0,0.0
221,0,0.611865678,72,0,0.04578345,7600.0,3,0,1,0,0.0
222,0,0.333060631,52,3,0.7001533740000001,5215.0,15,0,2,1,0.0
223,0,0.009025178,45,0,0.376836435,8167.0,4,0,1,0,2.0
224,0,0.260271523,44,0,0.29685480399999997,6962.0,11,0,1,0,0.0
225,0,0.455950788,63,1,0.701766078,6001.0,19,0,2,0,0.0
226,0,0.080288098,37,0,0.322446259,6000.0,7,0,1,0,0.0
227,1,1.9534883719999998,38,0,0.153500141,3556.0,5,0,0,0,2.0
228,0,0.181557324,36,0,0.56071964,2000.0,7,0,1,0,1.0
229,0,0.147123525,41,0,0.43602562100000003,6400.0,5,0,1,0,2.0
230,0,0.025601772000000002,63,1,0.262773723,10000.0,8,0,1,0,0.0
231,0,0.0,76,0,0.002465931,7704.0,3,0,0,0,0.0
232,0,0.196372799,43,0,0.5374855820000001,2600.0,10,0,1,0,0.0
233,0,0.08394524199999999,64,0,0.588073078,2900.0,6,0,1,0,0.0
234,0,0.034833091000000004,67,0,0.46024618700000003,12916.0,9,0,2,0,0.0
235,0,0.787522133,52,0,0.353860086,4416.0,12,0,0,0,1.0
236,0,0.0,66,0,3730.0,,8,0,1,0,0.0
237,0,0.125429152,55,0,0.476704659,5000.0,3,0,2,0,0.0
238,0,0.06037487,42,0,0.578676723,5833.0,17,0,2,0,2.0
239,0,0.9999998999999999,28,0,0.0,,0,0,0,0,
240,0,0.295928252,47,0,0.283765445,14000.0,6,0,2,0,1.0
241,1,0.973339258,61,1,0.209961825,5500.0,11,0,0,1,1.0
242,0,0.002856735,73,0,0.000285687,10500.0,10,0,0,0,0.0
243,0,0.8775648970000001,58,0,2825.0,,10,0,2,0,0.0
244,0,0.9999998999999999,68,0,0.040493251,6000.0,0,0,0,0,0.0
245,0,0.053431552,41,0,0.20364404,9000.0,3,0,1,0,0.0
246,0,0.732660667,44,2,0.14041952,9200.0,15,0,1,0,0.0
247,0,0.08422045800000001,42,0,0.45855115799999996,6694.0,26,0,2,0,4.0
248,0,0.114561798,40,0,0.359964004,10000.0,20,0,2,0,2.0
249,0,0.012151003,78,0,0.008886914000000001,4500.0,12,0,0,0,0.0
250,0,0.08131073700000001,81,0,0.165566887,3333.0,4,0,0,0,0.0
251,0,0.09811305,49,0,0.257017809,6625.0,9,0,2,0,0.0
252,1,1.048210842,58,7,0.151956584,3500.0,12,0,0,0,0.0
253,0,0.011883886000000001,54,0,0.092913547,9750.0,8,0,1,0,2.0
254,0,0.75264947,33,1,0.058322869000000006,7166.0,6,0,0,0,0.0
255,0,0.112321289,53,0,0.266909775,8500.0,9,0,1,0,5.0
256,0,0.0,23,0,0.0,1725.0,1,0,0,0,0.0
257,0,0.6343270560000001,49,1,0.123125125,15000.0,7,0,0,0,1.0
258,0,0.15576324,44,0,0.278077082,4825.0,4,0,1,0,2.0
259,0,0.0,63,0,0.007988921999999999,9387.0,9,0,0,0,0.0
260,0,0.09061488699999999,42,0,86.0,,5,0,0,0,0.0
261,0,0.034645112,65,0,0.125189985,12500.0,4,0,1,0,1.0
262,0,0.027446382999999998,54,0,1612.0,,6,0,1,0,0.0
263,0,0.41239862200000005,28,0,0.037259615,4991.0,5,0,0,0,0.0
264,0,0.024670782000000002,78,0,392.0,,6,0,1,0,
265,0,0.046710960999999995,66,0,1.117952819,2500.0,12,0,1,0,0.0
266,0,0.976531824,32,0,0.264078812,6800.0,6,0,0,0,2.0
267,0,0.007982621,43,1,0.009691169,208333.0,11,0,1,0,1.0
268,0,0.267541336,59,0,0.637607437,5700.0,13,0,2,0,1.0
269,0,0.019779326,76,0,0.267149259,2900.0,9,0,0,0,0.0
270,0,0.010402205,68,0,0.09414051699999999,3600.0,6,0,1,0,0.0
271,0,0.9999998999999999,61,0,0.529548989,1285.0,3,0,1,0,0.0
272,0,0.029816467000000003,68,0,0.175139978,4464.0,12,0,1,0,1.0
273,0,0.181713732,57,0,0.130453416,11666.0,17,0,1,0,1.0
274,0,0.051368557,68,0,0.44527736100000004,4668.0,10,0,1,0,2.0
275,0,0.29264536,57,0,0.20592788399999998,26484.0,11,0,2,0,3.0
276,1,0.22082371899999997,46,1,0.637749121,1705.0,5,0,0,0,0.0
277,0,0.008099838,69,0,0.389895596,8332.0,3,0,1,0,0.0
278,0,0.0,44,0,0.32638368100000004,6666.0,4,0,2,0,1.0
279,0,0.006099797,28,0,0.139429485,3750.0,8,0,0,0,0.0
280,0,0.909538698,53,1,0.5956539129999999,7500.0,16,0,1,0,1.0
281,0,0.941072508,40,0,0.178184282,8855.0,9,0,1,0,0.0
282,0,0.991667222,36,1,0.554878049,5411.0,10,0,2,0,1.0
283,0,0.6914884179999999,42,0,0.272721679,16250.0,11,0,1,0,1.0
284,0,0.11285525800000001,64,0,0.307576329,2652.0,6,0,1,0,0.0
285,0,0.260971034,57,0,5439.0,,16,0,3,0,
286,0,0.048244493,62,0,0.26287915300000003,16615.0,11,0,1,0,1.0
287,0,0.9999998999999999,47,0,0.092163472,9493.0,2,2,0,1,0.0
288,0,0.9999998999999999,62,0,0.0,5480.0,3,0,0,0,0.0
289,0,0.074256375,49,0,0.34793041399999997,5000.0,11,0,2,0,3.0
290,0,0.14487840800000001,66,0,0.28446242,8900.0,9,0,1,0,0.0
291,0,0.19100193199999999,54,0,0.7056277059999999,5081.0,10,0,2,0,2.0
292,0,0.21938287899999998,56,1,942.0,,9,0,1,0,1.0
293,0,0.679813777,83,0,0.6895897559999999,4216.0,6,0,2,0,0.0
294,0,2340.0,45,0,0.339332853,8333.0,7,0,2,0,2.0
295,0,0.371875401,29,0,0.53628857,2300.0,9,0,1,0,3.0
296,0,0.025856407999999997,67,0,0.083799311,13054.0,13,0,1,0,0.0
297,0,0.547887778,29,1,0.24651504,2725.0,5,0,0,1,0.0
298,0,0.271668778,46,1,0.282830201,15800.0,14,0,2,0,4.0
299,0,0.085152475,25,0,1005.0,0.0,5,0,0,0,0.0
300,0,0.897203427,68,0,0.7878030490000001,4000.0,8,0,2,0,0.0
301,0,0.25889775,33,0,0.537441339,4900.0,3,0,1,0,1.0
302,0,0.0,55,1,0.03988553,5590.0,8,0,0,0,0.0
303,0,0.035940506000000004,46,0,0.271186441,6666.0,10,0,1,0,3.0
304,0,0.9999998999999999,66,0,0.04663391099999999,11600.0,2,0,0,0,1.0
305,0,0.465238835,66,0,0.39142767100000003,3172.0,8,1,1,0,0.0
306,0,0.8654230509999999,48,0,0.07584830299999999,500.0,1,0,0,0,0.0
307,0,0.6964116709999999,52,0,0.408871921,11000.0,11,0,1,0,4.0
308,0,0.5444976579999999,32,1,0.166766647,6667.0,5,1,0,0,0.0
309,0,0.081238383,51,0,0.066830086,7750.0,14,0,0,0,2.0
310,0,0.9487628090000001,27,0,0.144948404,4166.0,5,0,0,0,0.0
311,0,0.0,32,2,0.463610776,7460.0,10,0,1,1,0.0
312,0,0.016598893,30,0,0.13657561599999998,1500.0,5,0,0,0,0.0
313,0,0.063329564,37,0,0.329935275,6179.0,6,0,1,0,3.0
314,0,0.093638481,49,0,0.042836572999999996,8333.0,10,0,0,0,1.0
315,0,0.0,37,0,0.184027338,7900.0,5,0,1,0,5.0
316,0,0.730271957,36,1,0.632794037,5500.0,10,0,2,0,0.0
317,0,0.42637114200000004,62,1,0.406053995,3666.0,15,0,1,0,0.0
318,0,0.948978489,57,0,0.043744532,8000.0,3,0,0,0,1.0
319,0,0.0,59,0,0.0,4200.0,7,0,0,0,1.0
320,0,1.00264667,38,2,0.472542946,3550.0,8,1,0,1,4.0
321,0,0.0164781,92,0,10.0,,3,0,0,0,0.0
322,0,0.042606843,58,0,3976.0,,13,0,3,0,0.0
323,0,0.022890604,37,0,0.28847729899999996,6100.0,16,0,1,0,0.0
324,0,0.283821988,63,0,0.7502008029999999,1244.0,9,0,0,0,0.0
325,0,0.319779462,32,0,1.247340213,12500.0,12,0,8,0,0.0
326,0,0.155240525,52,0,0.483518065,6946.0,15,0,2,0,1.0
327,0,0.013115183,43,0,4211.0,0.0,21,0,2,0,2.0
328,0,0.067259209,29,1,0.168340507,2090.0,3,0,0,0,0.0
329,0,0.284236153,45,1,0.318890815,7500.0,9,0,1,0,2.0
330,0,0.727560021,38,0,0.7124587459999999,2423.0,6,0,1,0,1.0
331,0,0.6877790970000001,62,0,0.24947116100000002,7090.0,15,0,0,0,0.0
332,0,0.9999998999999999,29,0,0.0,,0,0,0,0,0.0
333,0,0.033708851,41,0,0.40870635299999997,6500.0,9,0,1,0,2.0
334,0,0.0,29,0,0.193935355,3000.0,7,0,0,0,0.0
335,1,0.03719769,47,0,0.03975841,25000.0,11,0,1,0,3.0
336,0,0.0,55,1,0.388320836,4400.0,4,0,2,0,1.0
337,0,0.053589282,87,0,0.001534331,5213.0,4,0,0,0,0.0
338,0,0.100773109,41,0,0.199761673,9230.0,7,0,1,0,0.0
339,0,0.0,61,0,1.3949671769999998,913.0,11,0,2,0,0.0
340,0,0.399946674,28,0,0.18970257399999998,4000.0,6,0,0,0,1.0
341,0,0.052653171,43,0,0.5722921910000001,1984.0,9,0,0,0,4.0
342,0,0.072318616,71,0,0.42641246200000005,4300.0,8,0,2,0,1.0
343,0,0.203959597,46,0,0.072914726,16100.0,6,0,1,0,2.0
344,0,0.9999998999999999,30,0,0.090341011,5600.0,1,0,0,0,0.0
345,1,0.880370887,43,0,0.46132376399999997,7523.0,6,0,1,0,1.0
346,0,0.429246267,59,0,0.38125431600000004,15928.0,17,0,1,0,1.0
347,0,0.0,47,0,773.0,,2,0,1,0,1.0
348,0,0.049529205,61,0,542.0,,15,0,0,0,0.0
349,0,0.36090757100000004,72,0,0.35667928600000004,3697.0,6,0,1,0,0.0
350,0,0.335737457,50,0,0.45722203,5773.0,9,0,1,0,1.0
351,1,0.635720859,68,1,0.21807127699999998,25000.0,27,0,3,0,0.0
352,0,0.0,58,0,8380.0,,20,0,5,0,0.0
353,0,0.507972665,69,2,0.193935355,3000.0,10,2,0,2,0.0
354,0,0.24584166600000001,71,0,151.0,,5,0,0,0,0.0
355,1,0.953343701,48,2,2073.0,,5,1,2,2,0.0
356,0,0.9999998999999999,37,0,0.18462563899999998,4500.0,2,0,0,0,1.0
357,0,0.11885383699999999,50,0,2720.0,,7,0,1,0,2.0
358,0,0.630073985,38,0,0.563328034,1886.0,3,0,1,0,0.0
359,0,0.9999998999999999,35,0,3388.0,,1,0,1,0,0.0
360,0,0.028423247000000002,59,0,0.033982276,14330.0,12,0,1,0,0.0
361,0,0.143427862,67,0,0.119463561,5666.0,9,0,0,0,0.0
362,0,0.186682782,30,0,0.698120752,2500.0,7,0,2,0,2.0
363,0,0.496388581,56,0,0.170164956,19580.0,12,0,1,0,1.0
364,0,0.457526639,51,0,0.33358330199999997,8000.0,16,0,2,0,2.0
365,0,0.7282181190000001,40,1,3878.0,,10,0,2,0,0.0
366,0,0.947264856,28,0,0.46717171700000004,1187.0,4,0,0,0,0.0
367,0,0.013916922,54,0,0.017655818,4700.0,7,0,0,0,2.0
368,0,0.066347297,46,1,4480.0,,6,0,2,0,0.0
369,0,0.502958087,57,0,6381.0,,5,0,2,0,0.0
370,0,1.047495906,35,2,0.314566116,3871.0,8,0,2,1,3.0
371,0,0.012586354,79,0,0.009596162,2500.0,11,0,0,0,0.0
372,0,0.543445655,46,0,0.267146571,5000.0,6,0,2,0,3.0
373,0,0.026580302000000004,79,0,1063.0,,7,0,1,0,0.0
374,0,0.082317351,64,0,0.214426305,8636.0,29,0,1,0,1.0
375,0,0.292541492,74,0,0.164917541,2000.0,3,0,0,0,0.0
376,0,0.024240472000000002,64,0,0.10151414199999999,10500.0,20,0,1,0,0.0
377,0,0.047650102,63,0,0.387956894,9000.0,6,0,2,0,0.0
378,1,0.7391464879999999,63,1,0.285156885,6150.0,12,0,0,0,1.0
379,0,0.186890655,54,0,0.655589124,3640.0,7,0,1,0,1.0
380,0,0.007501936999999999,63,0,0.278226307,8050.0,13,0,2,0,3.0
381,0,0.522314625,45,0,0.29022909199999997,14491.0,13,0,1,0,3.0
382,0,0.9999998999999999,22,0,130.0,,0,0,0,0,
383,0,0.571604587,66,0,870.0,,12,0,0,0,
384,0,0.903231566,57,0,0.13080895,5228.0,10,0,0,0,0.0
385,0,0.017043518,43,0,0.10821382,2300.0,6,0,0,0,1.0
386,0,0.060733395999999995,61,0,0.008549573000000001,20000.0,8,0,0,0,0.0
387,0,0.0005826480000000001,54,0,2028.0,,13,0,1,0,1.0
388,0,0.0038946859999999996,90,0,876.0,,11,0,1,0,0.0
389,0,0.250008365,60,0,2.086478612,7550.0,26,0,0,0,0.0
390,0,0.466334165,34,2,0.007495315,3201.0,3,0,0,0,0.0
391,0,0.114588541,38,0,34.0,,2,0,0,0,0.0
392,0,0.9999998999999999,60,0,0.0,4200.0,0,0,0,0,0.0
393,0,0.26790561399999996,76,0,0.28545299399999996,8200.0,12,0,0,0,0.0
394,0,0.029694361000000002,76,0,0.070513488,9600.0,7,0,0,0,2.0
395,0,0.305246317,39,0,0.188281635,10154.0,6,0,1,0,2.0
396,0,0.000685675,83,0,0.0,,4,0,0,0,0.0
397,0,0.702493864,63,0,0.582162622,4697.0,8,0,2,0,1.0
398,0,0.7424360409999999,52,0,0.414081023,9700.0,10,0,2,0,0.0
399,1,0.8024171790000001,58,1,668.0,,5,1,0,0,0.0
400,0,0.9999998999999999,42,1,0.113421853,6250.0,3,3,0,1,2.0
401,0,0.134191514,63,0,926.5,1.0,9,0,1,0,0.0
402,0,0.002556199,58,0,0.115826132,7752.0,17,0,0,0,2.0
403,0,0.088845558,62,0,0.073772011,5394.0,5,0,0,0,0.0
404,0,0.203947961,46,1,1.206516118,5800.0,12,1,4,0,2.0
405,0,0.006666096999999999,27,0,0.000268637,7444.0,5,0,0,0,0.0
406,0,0.014049648999999999,27,0,0.352214765,3724.0,4,0,1,0,1.0
407,0,0.9999998999999999,35,1,0.09298531800000001,3064.0,1,0,0,0,3.0
408,0,0.368866624,55,0,0.437996083,9700.0,18,0,2,0,0.0
409,0,0.054553316,73,0,0.043259135,16666.0,13,0,0,0,0.0
410,0,0.17948776600000002,51,0,0.492529978,10173.0,19,0,4,0,0.0
411,0,0.026885902000000003,36,0,0.34487992100000003,11200.0,6,0,2,0,2.0
412,0,0.265705207,56,0,0.259102536,31666.0,8,0,3,0,1.0
413,0,0.0,59,0,2113.0,,13,0,2,0,
414,0,0.011847989,49,0,1599.0,,12,0,1,0,0.0
415,0,0.07083751,64,0,0.255290785,6000.0,6,0,0,0,1.0
416,0,0.030996074,56,0,0.131430952,4800.0,11,0,1,0,0.0
417,0,0.144914011,37,0,0.045366363,6700.0,5,0,0,0,0.0
418,0,0.353017659,48,0,1.299736021,4166.0,17,0,1,0,1.0
419,0,0.020074662,36,0,0.334245422,4750.0,5,0,1,0,0.0
420,0,0.032769199,70,0,724.0,,11,0,1,0,0.0
421,1,0.733885463,49,2,0.369223765,8785.0,20,0,2,0,2.0
422,0,0.063514422,57,0,2221.5,1.0,12,0,2,0,0.0
423,0,0.03157211,39,0,0.644706486,3900.0,14,0,1,0,1.0
424,1,0.991502124,61,10,1.2979007,3000.0,11,2,3,5,1.0
425,0,0.39770298200000004,38,0,0.41627543,5750.0,6,0,1,0,2.0
426,0,0.971352432,24,0,0.035803497000000004,1200.0,3,0,0,0,0.0
427,0,0.9999998999999999,33,0,1786.0,,3,0,1,0,0.0
428,0,0.0,73,0,0.386728192,4550.0,18,0,0,0,0.0
429,0,0.9999998999999999,79,0,0.130140954,5178.0,6,0,1,0,0.0
430,0,0.003851709,81,0,0.000822143,3648.0,1,0,0,0,1.0
431,0,0.010887967,55,0,0.7251374309999999,2000.0,7,0,2,0,0.0
432,0,0.686083014,57,0,0.16069592,11667.0,6,1,1,0,2.0
433,0,0.212464485,58,0,0.518991188,3290.0,10,0,1,0,1.0
434,0,0.006956358,52,0,0.0032786890000000004,2439.0,4,0,0,0,0.0
435,0,0.073251754,51,0,0.44668812799999996,10250.0,9,0,1,0,2.0
436,0,0.431904058,63,0,0.41905226,8208.0,22,1,2,0,0.0
437,0,0.006999563,97,0,3.0,,2,0,0,0,
438,0,0.014310431,56,0,13.0,,2,0,0,0,0.0
439,0,0.026944485,41,0,0.686736475,4583.0,8,0,3,0,0.0
440,0,0.297094601,43,1,0.603763294,3666.0,9,0,1,0,2.0
441,0,0.31606476699999997,56,0,1348.0,,3,0,1,0,0.0
442,0,0.0,59,0,862.0,,2,0,1,0,0.0
443,0,0.922670104,40,0,0.207789429,9345.0,7,0,0,0,0.0
444,0,0.051077957,74,0,0.306409131,3416.0,9,0,1,0,0.0
445,0,0.319190816,49,0,0.35815338799999996,9400.0,18,0,2,0,0.0
446,0,0.008737352,68,0,0.209965006,6000.0,28,0,1,0,0.0
447,0,0.0,57,0,0.785229953,6783.0,8,0,3,0,0.0
448,0,0.24367426600000003,48,0,0.179979778,8900.0,10,0,1,0,6.0
449,0,0.9999998999999999,40,1,0.19170579,3833.0,3,2,0,0,2.0
450,0,0.0,23,0,0.0,3500.0,1,0,0,0,1.0
451,0,0.028910707,52,0,0.013543599,5389.0,7,0,0,0,2.0
452,0,0.03423863,48,0,2045.0,,3,0,1,0,0.0
453,0,0.50329934,55,0,0.45405746799999996,3166.0,5,0,2,0,0.0
454,0,0.799981673,61,3,0.671076012,5064.0,19,0,3,1,0.0
455,0,0.069987933,33,0,0.11400478300000001,3762.0,7,0,0,0,0.0
456,0,0.067901335,69,0,0.065493451,10000.0,5,0,1,0,0.0
457,0,0.7406351609999999,39,0,0.432010059,5566.0,7,0,1,0,0.0
458,0,0.023382944,84,0,0.00912845,4600.0,6,0,0,0,0.0
459,0,0.9999998999999999,32,2,0.09558466800000001,2060.0,1,0,0,0,0.0
460,0,0.003625197,78,0,726.0,,8,0,1,0,
461,0,0.09228761699999999,61,0,0.229436075,7500.0,23,0,2,0,2.0
462,0,0.0,37,0,0.177007047,7236.0,5,0,1,0,3.0
463,0,0.9999998999999999,33,1,0.257707218,5416.0,2,2,1,0,1.0
464,0,0.057867667000000005,81,0,0.145685279,3939.0,13,0,0,0,0.0
465,0,0.07807727,60,0,0.566105156,3917.0,14,0,1,0,2.0
466,0,0.20194364199999998,46,0,0.39446055399999996,10000.0,15,0,2,0,3.0
467,0,0.077958915,57,0,0.05353022599999999,6500.0,19,0,0,0,0.0
468,0,0.20567648600000002,57,0,0.130309575,8333.0,8,0,1,0,0.0
469,1,0.9999998999999999,32,0,0.006731051,3416.0,1,0,0,0,3.0
470,1,0.57985084,42,0,0.594224361,2700.0,8,0,0,0,0.0
471,0,0.073393457,38,1,0.38476152399999997,10000.0,9,0,2,0,0.0
472,0,0.07917821900000001,82,0,0.176964607,5000.0,3,0,1,0,0.0
473,0,0.073123172,33,0,0.216405216,5290.0,9,0,0,0,0.0
474,0,0.745173448,68,0,0.168767792,4917.0,4,0,1,0,0.0
475,0,0.10088331,52,1,0.280494456,5500.0,6,1,1,0,2.0
476,0,0.34766523299999996,46,0,0.041583367,2500.0,1,0,0,0,1.0
477,0,0.102031508,66,0,90.0,,4,0,0,0,0.0
478,0,0.354125994,57,0,0.558762411,4330.0,4,0,1,0,0.0
479,0,0.029643294,50,0,0.399106478,9400.0,15,3,4,0,0.0
480,0,0.540204354,34,0,0.034395414,7500.0,3,1,0,0,0.0
481,0,0.640927271,53,4,0.52409692,11266.0,17,0,2,0,3.0
482,0,0.058271403,76,0,0.374304267,4311.0,7,0,1,0,0.0
483,0,0.719305764,64,0,0.186225718,6228.0,5,0,1,0,0.0
484,0,0.045017363,72,0,0.020763906999999998,3900.0,8,0,0,0,0.0
485,0,0.35592819,48,0,0.478090767,7667.0,17,0,2,0,0.0
486,0,0.57762185,71,1,0.4925,6399.0,14,0,2,0,1.0
487,0,0.015054291000000001,59,0,929.0,,11,0,1,0,2.0
488,0,0.320593837,53,0,1.114622389,5600.0,14,0,1,0,1.0
489,0,0.047587303,34,0,997.0,,4,0,0,0,
490,0,0.173428408,51,1,0.08626928199999999,5250.0,11,0,0,0,0.0
491,0,0.401789055,55,0,0.412779302,2550.0,11,0,0,0,0.0
492,0,0.301152442,46,0,0.254661625,7668.0,10,0,1,0,3.0
493,0,0.0,27,2,0.229139073,2264.0,5,2,0,1,0.0
494,0,0.067512585,43,0,0.44723563,9115.0,4,0,2,0,0.0
495,0,0.0,75,0,0.205971968,1640.0,4,0,0,0,1.0
496,0,0.993335555,31,0,0.068227425,4484.0,6,0,0,0,1.0
497,0,0.138793584,43,0,0.384074741,11666.0,9,0,5,0,0.0
498,0,0.19358480100000003,51,0,0.5327545379999999,3800.0,13,0,2,0,0.0
499,0,0.001124859,28,1,0.057990335,6000.0,8,1,0,0,0.0
500,0,0.485558448,51,0,0.09963548,6583.0,5,0,0,0,0.0
501,0,0.979521555,55,1,0.467850417,7433.0,11,0,2,2,0.0
502,0,0.090641506,69,0,0.016683266999999998,4015.0,2,0,0,0,0.0
503,0,0.38480769,42,0,0.533099636,7416.0,5,0,1,0,3.0
504,0,0.183676155,33,0,0.6605284229999999,2497.0,9,0,1,0,0.0
505,0,0.018124667,60,0,0.023181455,1250.0,4,0,0,0,1.0
506,1,0.9999998999999999,54,0,0.228402866,2372.0,2,0,0,1,0.0
507,0,0.290320472,48,0,0.262848568,7996.0,7,0,1,0,3.0
508,0,0.052161270999999995,49,0,0.06762939700000001,6993.0,5,0,0,0,1.0
509,0,0.9999998999999999,73,0,8500.0,0.0,2,0,0,0,0.0
510,0,0.9999998999999999,91,0,0.0,,3,0,0,0,
511,0,0.412657703,66,1,0.195074372,4100.0,7,1,0,0,0.0
512,0,0.091201293,49,1,0.568886223,5000.0,15,0,2,0,0.0
513,0,0.500234532,46,0,0.27802595199999997,4700.0,10,0,1,0,1.0
514,1,0.913140498,37,2,1.6203449140000001,4000.0,16,0,3,0,1.0
515,0,0.056390008,54,0,2126.0,,8,0,1,0,0.0
516,0,0.611388611,22,0,0.34706616700000004,800.0,4,0,0,0,0.0
517,0,0.065630892,31,0,0.162635688,5250.0,10,0,0,0,0.0
518,0,0.499666889,39,0,0.450171821,3200.0,8,0,1,0,0.0
519,0,0.9999998999999999,56,0,7.0,,1,0,0,0,0.0
520,0,0.28947053899999997,44,0,0.48256140000000003,8916.0,17,0,2,0,1.0
521,1,0.8141545109999999,50,1,0.297139683,3600.0,8,0,1,1,1.0
522,0,0.016406971,55,0,0.0017857139999999999,5599.0,3,0,0,0,2.0
523,0,0.078497383,52,0,0.20727405399999999,8220.0,5,0,1,0,3.0
524,0,0.029692431000000002,58,2,0.287187752,6204.0,19,0,1,0,0.0
525,0,0.01255887,62,0,0.044762033,7416.0,5,0,0,0,0.0
526,0,0.062093267,42,0,0.230261579,8333.0,6,0,1,0,4.0
527,0,0.074201053,47,0,1215.0,,4,0,1,0,
528,0,0.551889862,42,1,0.790613718,3600.0,18,0,2,0,1.0
529,1,0.640058527,39,0,0.055984556,9841.0,9,0,0,0,2.0
530,0,0.581815774,45,0,0.724784402,8000.0,11,0,2,0,0.0
531,0,0.0,82,0,0.0,,3,0,0,0,0.0
532,0,0.0,64,0,3819.0,,3,0,2,0,
533,0,0.312068793,55,1,0.127071823,1266.0,5,0,0,0,0.0
534,0,0.26637117899999996,58,0,0.498488489,12900.0,12,0,1,0,2.0
535,0,0.040186458,35,0,0.300839136,5600.0,8,0,2,0,1.0
536,0,0.749602291,62,0,7963.0,,7,0,2,0,3.0
537,1,0.955545894,52,1,0.5249499089999999,10480.0,11,0,3,0,1.0
538,0,0.08663540900000001,40,0,887.0,0.0,8,0,1,0,1.0
539,0,0.212768452,57,0,2301.0,,17,0,2,0,0.0
540,0,0.9543957000000001,45,2,0.4842141,8836.0,10,0,1,0,1.0
541,0,0.188256123,27,0,0.881825173,3900.0,6,0,1,0,1.0
542,0,1.2458471759999998,24,1,499.0,,4,1,0,0,
543,0,0.014049886999999999,37,0,0.674399608,6120.0,9,0,1,0,0.0
544,0,0.329609837,36,0,0.43774319100000003,3597.0,16,0,2,0,2.0
545,0,0.484099985,40,0,0.423251505,10794.0,9,0,2,0,2.0
546,0,0.0,86,0,2.0,,9,0,0,0,0.0
547,0,0.035113768,56,0,87.0,,11,0,0,0,0.0
548,0,0.084826988,59,0,0.53418212,3612.0,9,0,2,0,0.0
549,0,0.9999998999999999,40,0,0.60616581,7200.0,6,0,3,0,0.0
550,0,0.152250785,49,0,0.030774357999999998,9000.0,3,0,0,0,0.0
551,0,0.21288560000000004,66,0,0.35189178600000004,5100.0,10,0,1,0,0.0
552,0,0.9999998999999999,63,3,0.200843235,5217.0,5,0,1,1,4.0
553,0,0.9999998999999999,45,0,461.0,,2,0,0,0,0.0
554,0,0.0,30,0,0.0,4700.0,1,0,0,0,1.0
555,0,0.576284725,36,0,0.785404865,3000.0,10,0,1,0,1.0
556,0,0.40821598200000003,39,0,677.0,,4,0,0,0,2.0
557,0,0.0,27,0,0.0,4500.0,5,0,0,0,0.0
558,0,0.10680013,44,3,0.747375437,6000.0,8,0,3,0,2.0
559,0,0.004552998,34,0,3.0,,2,0,0,0,0.0
560,0,0.277436128,59,0,0.388566694,3620.0,8,0,1,0,1.0
561,0,0.285342534,38,0,0.08951092,3250.0,4,0,0,0,3.0
562,0,0.162077194,38,0,0.024885359,70000.0,6,0,1,0,2.0
563,0,0.57073821,39,0,1314.0,,5,2,2,0,0.0
564,0,0.622524722,43,0,0.353883732,10234.0,8,0,1,0,0.0
565,0,0.113165062,57,0,3169.0,,16,0,1,0,3.0
566,0,0.0,75,0,0.5274314210000001,801.0,4,0,1,0,0.0
567,0,0.732711215,29,0,0.33853112700000004,8400.0,10,0,1,0,0.0
568,0,0.486651335,55,0,0.324741695,9000.0,10,0,2,0,0.0
569,0,0.584844623,60,0,0.293637575,6003.0,11,0,1,0,0.0
570,0,0.8754406579999999,37,0,0.437717467,1436.0,5,0,0,0,1.0
571,0,0.043861767,69,0,0.064119265,6908.0,7,0,1,0,0.0
572,0,0.03929607,48,0,0.480393478,7420.0,10,0,2,0,0.0
573,1,0.339503567,89,1,0.549380248,2500.0,9,3,0,1,0.0
574,0,0.064835195,56,2,0.197624587,8166.0,10,0,1,0,0.0
575,0,0.008684579,75,0,0.0013269,8289.0,5,0,0,0,0.0
576,0,0.9999998999999999,55,1,0.138721351,4144.0,1,0,0,0,0.0
577,0,0.5035879870000001,63,0,1.308922769,4000.0,16,0,1,0,0.0
578,0,0.000309046,49,0,562.0,,10,0,1,0,
579,0,0.697812691,31,0,0.236980252,12000.0,10,0,0,0,1.0
580,0,0.650432993,61,0,0.368063194,10000.0,10,0,1,0,1.0
581,0,0.30248201,46,0,0.34805720799999995,7900.0,12,0,1,0,2.0
582,0,0.9999998999999999,40,0,0.185755935,2400.0,1,2,0,0,0.0
583,0,0.159116246,91,0,0.18412348399999998,1813.0,6,0,0,0,0.0
584,0,0.768537191,46,0,2568.0,,5,0,0,0,0.0
585,0,0.155644438,56,0,0.33683158399999996,2000.0,5,0,1,0,0.0
586,0,0.8362940109999999,29,3,0.26017007600000003,4350.0,8,0,1,0,1.0
587,0,0.29304181100000004,45,0,0.37394067799999997,3775.0,5,0,1,0,3.0
588,0,0.9999998999999999,49,1,0.09893772099999999,4800.0,1,0,0,0,4.0
589,0,0.271898248,64,0,556.0,,3,0,1,0,
590,0,0.0,51,0,0.238076192,10000.0,6,0,1,0,0.0
591,0,0.29195624800000003,45,0,1021.0,,5,0,0,0,
592,0,0.106531463,78,0,0.024303073999999997,5595.0,9,0,0,0,0.0
593,0,0.25081831600000004,36,0,0.24014398399999998,5833.0,6,0,2,0,1.0
594,0,0.18157994600000002,54,0,0.3539428,6048.0,9,0,1,0,1.0
595,0,0.002964536,67,0,0.349026844,16800.0,14,0,5,0,0.0
596,0,0.048911120999999995,63,0,0.102800764,6283.0,4,0,0,0,1.0
597,1,0.517045364,61,0,0.5725903210000001,7500.0,20,0,2,0,0.0
598,0,0.024100447,86,0,0.010791367,2223.0,6,0,0,0,0.0
599,0,0.122976319,50,0,0.454103343,3289.0,6,0,1,0,1.0
600,1,0.387065977,51,0,0.35087418600000003,5833.0,12,0,1,2,1.0
601,0,0.021741679,70,0,0.187762448,5000.0,11,0,1,0,0.0
602,0,0.26925748899999996,44,0,0.607594937,1500.0,7,0,0,0,3.0
603,0,0.9963016509999999,39,2,0.306101912,10930.0,17,0,0,0,1.0
604,0,0.019153961,49,0,0.201025979,33333.0,6,0,3,0,4.0
605,0,0.008665510999999999,58,0,1.9086294419999998,6500.0,17,0,5,0,0.0
606,0,0.15574221300000002,39,0,723.0,0.0,13,0,0,0,2.0
607,0,0.733914381,33,0,0.158975542,4333.0,7,1,0,0,1.0
608,0,0.210442588,53,0,0.513602495,5770.0,10,0,2,0,1.0
609,0,0.09563478800000001,36,0,0.17526690399999997,2247.0,4,0,0,0,1.0
610,0,0.12480137599999999,62,0,0.5668944570000001,6584.0,15,0,2,0,0.0
611,0,0.016995185,62,0,0.002301937,5212.0,4,0,0,0,0.0
612,0,0.964038058,29,1,0.263516583,2200.0,6,0,0,0,0.0
613,0,0.211206477,44,1,0.2138395,2080.0,13,1,0,1,0.0
614,0,0.184476515,32,0,0.44495604899999996,7166.0,11,0,2,0,0.0
615,0,0.0,52,0,0.444444444,3500.0,5,0,2,0,1.0
616,0,0.086605363,69,0,73.0,,2,0,0,0,
617,0,0.06906978400000001,71,0,1468.0,,3,0,1,0,
618,0,0.187090597,63,0,0.506873282,4000.0,10,0,2,0,1.0
619,0,0.732202177,44,0,0.25857662800000003,12912.0,26,0,0,0,0.0
620,0,0.392141112,54,0,1.383017398,3850.0,18,0,2,0,2.0
621,0,0.063688754,41,0,0.26687668800000003,6665.0,8,0,0,0,1.0
622,0,0.6169823720000001,32,1,0.191649336,6250.0,10,0,0,0,2.0
623,0,0.28854138100000004,87,1,0.571428571,1700.0,23,0,0,0,0.0
624,0,0.22110680100000002,43,0,0.157212981,7333.0,5,0,1,0,0.0
625,0,0.193612774,47,0,0.020146833,5856.0,1,0,0,0,3.0
626,0,0.014441183,75,0,0.14570361099999998,16059.0,8,0,1,0,0.0
627,0,0.531963331,64,2,0.480082158,18500.0,19,0,3,0,1.0
628,0,0.346960384,41,0,1.432686655,1700.0,13,0,3,0,2.0
629,0,0.024305835,30,0,1581.0,,6,0,1,0,0.0
630,0,0.9999998999999999,40,0,2866.0,0.0,2,0,2,0,0.0
631,0,0.0,56,0,0.0,6200.0,2,0,0,0,0.0
632,0,0.65854007,55,0,0.489714904,5541.0,6,0,1,0,0.0
633,0,0.10469376300000001,36,0,0.297372704,4300.0,8,0,1,0,1.0
634,0,0.046740048,57,0,0.404799866,11916.0,13,0,3,0,0.0
635,0,0.057887851,56,0,0.238127698,4400.0,13,0,1,0,1.0
636,0,0.883182488,49,0,0.18373694699999998,4500.0,18,0,0,0,2.0
637,0,0.005326455,53,0,79.0,0.0,4,0,0,0,0.0
638,0,0.088809584,51,0,0.295480067,7123.0,12,0,1,0,0.0
639,0,0.021319787000000003,64,0,0.24496788,2334.0,13,0,1,0,0.0
640,0,0.281880372,28,0,0.17997517600000001,2416.0,7,0,0,0,0.0
641,0,0.063062463,54,0,4659.0,,5,0,2,0,0.0
642,0,0.0,53,0,2719.0,,5,0,1,0,0.0
643,1,0.402345742,37,0,0.337622356,12667.0,16,0,2,0,3.0
644,0,0.143316879,70,3,4294.0,,16,0,5,1,0.0
645,0,0.334295645,48,0,5368.0,,13,0,2,0,0.0
646,0,0.010350125,52,0,0.258589038,3812.0,6,0,1,0,1.0
647,0,0.336596148,36,0,0.08037225,1181.0,2,0,0,0,0.0
648,0,0.044842922,51,0,0.23358954,11318.0,5,0,1,0,2.0
649,0,0.007712359,69,0,0.15661446199999998,3000.0,6,0,0,0,0.0
650,0,1.011332794,52,0,10.80049875,400.0,8,0,1,0,2.0
651,0,0.06677885900000001,67,0,84.0,,7,0,0,0,
652,0,0.0,36,0,0.37041867700000003,7666.0,4,0,1,0,2.0
653,0,0.0,49,0,0.62273579,1600.0,10,0,1,0,1.0
654,1,0.314685703,51,3,0.160317928,16984.0,13,0,2,1,4.0
655,1,0.149314411,36,0,0.5583203729999999,4500.0,9,0,3,0,0.0
656,0,0.0,33,0,0.238212526,2841.0,9,0,0,0,0.0
657,0,0.037849716,62,0,0.16289178699999998,8741.0,15,0,1,0,0.0
658,0,0.281115558,69,0,0.16218618099999998,4500.0,10,0,0,0,1.0
659,0,0.005196165,70,0,1514.0,,9,0,2,0,0.0
660,0,0.133688867,49,0,0.09352218300000001,4800.0,7,0,0,0,2.0
661,0,0.321457844,46,2,1434.0,,6,0,1,1,0.0
662,0,0.0,65,0,0.41637918100000004,6666.0,10,0,1,0,0.0
663,0,0.8271510129999999,56,1,0.21997471600000001,8700.0,8,0,0,1,1.0
664,0,0.442798278,51,0,2092.0,,11,0,0,0,2.0
665,0,0.025082109,57,0,0.36087970700000005,3000.0,15,0,0,0,0.0
666,0,0.578849363,48,0,0.367553674,6613.0,10,0,1,0,1.0
667,0,0.020703507,47,0,0.645104381,3400.0,6,0,1,0,2.0
668,1,1.2487512490000001,33,0,0.17512032600000002,2700.0,3,2,0,0,0.0
669,0,0.9999998999999999,75,0,8.0,,2,0,0,0,0.0
670,0,0.569824212,40,0,0.361421689,11000.0,18,0,1,0,2.0
671,0,0.914867126,40,0,0.517037339,4900.0,7,0,1,0,1.0
672,0,0.0382584,68,0,0.009831695,6000.0,12,0,0,0,0.0
673,0,0.964561473,35,4,0.305839582,4400.0,10,3,0,2,2.0
674,0,0.02731285,65,0,0.325335893,2083.0,6,0,0,0,0.0
675,0,0.035605591,81,0,0.017260735,7125.0,7,0,0,0,0.0
676,0,0.004595129,52,0,0.39095856,7166.0,7,0,1,0,0.0
677,0,0.042534080999999994,69,0,0.009690817,6500.0,4,0,0,0,1.0
678,0,0.12136536,34,0,3300.0,,5,0,2,0,0.0
679,0,0.180162143,40,0,0.448326668,9501.0,15,0,2,0,1.0
680,0,0.054940099000000006,35,0,0.662152897,5833.0,10,0,2,0,2.0
681,0,0.099724251,80,0,0.008908281,11000.0,3,0,0,0,0.0
682,0,0.030513202000000003,68,0,48.0,,6,0,0,0,0.0
683,0,0.175434349,47,0,0.149077983,4500.0,9,0,0,0,0.0
684,0,0.019883105,64,0,0.028599606,6083.0,16,0,0,0,0.0
685,1,0.9907644259999999,36,2,0.361340457,4117.0,4,0,0,0,1.0
686,0,0.38608401200000003,49,0,0.16645238699999998,11666.0,17,0,0,0,3.0
687,0,0.008287427,55,0,0.115171335,7032.0,8,0,1,0,0.0
688,0,0.058687792999999995,35,0,0.335733141,8333.0,6,0,2,0,2.0
689,0,0.091106715,63,0,0.035418452,3500.0,5,0,0,0,0.0
690,0,0.023114332999999997,64,0,0.513540291,9083.0,16,0,3,0,0.0
691,0,0.083426677,64,0,0.037871034,2930.0,7,0,0,0,2.0
692,0,0.529411765,26,1,0.017052375,820.0,1,0,0,0,0.0
693,0,0.192722211,77,0,0.45793064200000005,7035.0,21,0,1,0,1.0
694,0,0.9999998999999999,32,0,0.177955511,4000.0,1,2,0,0,0.0
695,0,0.359412083,54,0,3.874422899,1082.0,22,0,1,0,0.0
696,0,0.106517279,40,0,0.263151915,8800.0,17,0,3,0,4.0
697,0,0.07953842,53,0,2958.0,,9,0,1,0,2.0
698,1,2066.0,58,0,0.27112148,6000.0,8,1,1,0,1.0
699,0,0.01239876,50,3,0.20751867100000002,11916.0,4,0,1,0,0.0
700,0,0.9999998999999999,56,0,0.00711943,12500.0,2,0,0,0,2.0
701,0,0.003938695,75,0,0.19994921899999998,7876.0,11,0,2,0,0.0
702,0,0.520418652,36,1,0.232918082,2648.0,5,0,0,0,3.0
703,0,0.160899231,33,0,0.182363527,3333.0,13,0,0,0,0.0
704,0,0.25250536100000004,52,0,0.44259290100000004,6000.0,13,0,1,0,2.0
705,0,0.035670256000000004,62,0,0.42767496299999996,9401.0,9,0,4,0,0.0
706,0,0.046747539000000005,60,0,1.012368584,3233.0,13,0,2,0,0.0
707,0,0.009639594,52,0,0.262440354,4400.0,5,0,0,0,0.0
708,0,0.986400389,36,0,0.441868921,11000.0,8,0,2,0,0.0
709,0,0.092392056,71,2,0.19006230300000002,13000.0,7,0,1,0,0.0
710,0,0.001019592,83,0,0.00019996,5000.0,10,0,0,0,0.0
711,0,0.0,76,0,272.0,0.0,6,0,0,0,0.0
712,0,0.045516720999999996,40,0,0.09035542199999999,11000.0,12,0,0,0,3.0
713,0,0.245744673,46,0,0.5851222420000001,6707.0,21,0,1,0,3.0
714,0,0.292159285,78,0,605.0,,5,0,0,0,0.0
715,0,0.9999998999999999,36,0,631.0,,1,0,1,0,0.0
716,0,0.016142473,76,0,0.668266347,1666.0,11,0,1,0,0.0
717,0,0.7592865809999999,41,1,0.408475574,1698.0,4,0,0,0,1.0
718,0,0.189734189,60,0,0.04587156,2833.0,2,0,0,0,0.0
719,0,0.049082484,63,2,0.361938937,16441.0,12,0,1,0,1.0
720,0,1.163184115,52,0,0.319174181,4213.0,7,0,0,0,0.0
721,0,0.238016933,58,0,0.601017347,7666.0,5,0,3,0,0.0
722,0,0.410946459,56,0,0.712194056,4575.0,16,0,1,0,0.0
723,0,0.47653563299999996,33,0,0.312937413,5000.0,4,0,1,0,0.0
724,0,0.37504998,64,0,0.011195522,2500.0,4,0,0,0,0.0
725,0,0.11618817099999999,33,0,0.043739065,4000.0,9,0,0,0,0.0
726,0,0.018497695,40,0,64.0,,13,0,0,0,0.0
727,0,0.254548841,56,0,0.461357487,8500.0,15,0,2,0,4.0
728,0,0.013574112,60,0,0.711075819,17000.0,11,0,3,0,0.0
729,0,0.9999998999999999,27,0,0.260763359,3274.0,3,0,0,1,2.0
730,0,0.029185402000000003,41,0,0.33629547299999996,3600.0,5,0,1,0,0.0
731,0,0.985092264,48,0,0.37690561100000003,3082.0,4,0,1,0,0.0
732,0,0.011904653000000001,69,0,1653.0,,20,0,2,0,0.0
733,0,0.0,39,0,0.735131912,6708.0,13,0,2,0,2.0
734,0,0.312877738,36,0,0.23072116,8000.0,28,0,0,0,0.0
735,0,0.714892819,34,1,0.870354941,6000.0,8,0,1,0,0.0
736,0,0.060867801,50,1,3074.0,,15,0,1,0,0.0
737,0,0.14185399099999998,79,0,0.812870978,3200.0,8,0,2,0,0.0
738,0,0.073191767,54,0,0.020708083000000002,4490.0,4,0,0,0,0.0
739,0,0.473663158,36,1,0.650674663,2000.0,8,0,0,0,0.0
740,1,0.987668722,39,5,0.6912791859999999,5010.0,14,0,2,0,2.0
741,0,0.061214562,35,0,0.45369268100000004,21000.0,7,0,2,0,0.0
742,0,0.475252475,38,1,0.42862854899999997,2500.0,8,1,0,0,0.0
743,0,0.243842974,52,0,1321.0,,9,0,1,0,2.0
744,0,0.621468927,24,0,0.010079194,4166.0,3,0,0,0,0.0
745,0,0.084589254,76,0,0.044093178,1201.0,8,0,0,0,0.0
746,0,0.880239982,41,0,1290.0,,6,0,0,0,2.0
747,0,0.087182563,74,0,0.08049535599999999,1291.0,6,0,0,0,0.0
748,0,0.111715105,47,0,0.315173697,16666.0,12,0,2,0,3.0
749,0,0.0,57,0,0.335066493,10000.0,11,0,2,0,3.0
750,0,0.0,63,0,0.052672049000000006,2600.0,3,0,0,0,1.0
751,0,0.0,62,0,17.0,,4,0,0,0,0.0
752,0,0.659178931,39,0,0.285324697,5866.0,6,0,1,0,1.0
753,0,0.10101257599999999,51,0,0.34037277,12500.0,21,0,2,0,1.0
754,0,0.471803323,60,0,0.365787835,9633.0,12,0,1,0,1.0
755,0,0.22482248600000002,68,0,2284.0,,6,0,2,0,0.0
756,0,0.249922521,63,2,0.25431323100000003,19416.0,18,0,2,0,1.0
757,0,0.0,55,0,0.36919213100000003,7166.0,7,0,3,0,1.0
758,0,0.066285085,58,0,0.228999349,9213.0,7,0,1,0,0.0
759,0,0.025711592999999998,55,0,0.540702656,3500.0,8,0,1,0,2.0
760,0,0.9015098490000001,33,1,0.128132981,23100.0,8,1,1,0,0.0
761,1,0.02331266,58,0,0.632371083,4052.0,13,1,2,0,0.0
762,0,0.048540543,55,1,0.215576215,5700.0,9,0,1,0,0.0
763,0,0.077358439,44,0,0.32426757300000003,10000.0,10,0,2,0,0.0
764,0,0.082452074,57,0,0.89117395,3500.0,12,0,1,0,1.0
765,0,0.9999998999999999,65,0,0.0,615.0,3,0,0,0,0.0
766,0,0.14060251,56,0,0.049700447,11850.0,11,0,0,0,2.0
767,0,0.357285429,25,0,0.001723544,2900.0,1,0,0,0,0.0
768,0,0.002140517,89,1,5.0,0.0,4,0,0,0,0.0
769,1,0.0,32,0,0.44187375,3500.0,5,0,1,0,2.0
770,0,0.07237774400000001,48,0,0.399050079,12000.0,9,0,2,0,0.0
771,0,0.22859122899999998,38,1,0.181233062,2951.0,4,0,0,0,0.0
772,0,0.0,58,0,526.0,,5,0,1,0,1.0
773,0,0.0,59,1,0.531464095,7881.0,8,2,1,0,0.0
774,0,0.9999998999999999,32,0,0.13271682099999998,4000.0,1,0,0,0,1.0
775,0,0.015293506,50,0,0.372513562,1105.0,13,0,0,0,0.0
776,0,0.059183800999999994,26,0,0.067061144,1520.0,7,0,0,0,0.0
777,0,0.211859605,55,0,0.128716003,6323.0,8,0,0,0,1.0
778,0,0.014688043000000001,82,0,13.0,,4,0,0,0,0.0
779,0,0.019415751000000002,62,0,1203.0,,9,0,1,0,0.0
780,0,0.012236873,46,0,1189.0,,6,0,1,0,0.0
781,0,0.9174283259999999,66,1,2410.0,,7,1,2,0,0.0
782,0,0.716283716,46,0,0.26775232,5280.0,10,0,2,0,2.0
783,0,0.00054943,59,0,0.0,2236.0,4,0,0,0,0.0
784,0,0.004680652,29,0,0.057388522000000004,5000.0,4,0,0,0,0.0
785,0,0.42759090000000005,39,0,0.342354782,10862.0,14,1,2,0,0.0
786,0,0.9824778590000001,36,0,0.508163945,3000.0,3,0,1,0,0.0
787,0,0.083486086,71,0,0.17070563100000002,5611.0,4,0,1,0,0.0
788,0,0.01087466,82,0,0.001287001,7769.0,6,0,0,0,0.0
789,0,0.014646523,26,0,0.121568627,1274.0,7,0,0,0,0.0
790,1,1.0085065309999999,58,3,3265.0,,20,0,0,1,0.0
791,0,0.537596973,68,0,1591.0,,8,0,1,0,
792,0,0.9944287540000001,42,0,2336.0,0.0,11,0,2,0,3.0
793,0,0.5561429720000001,58,0,0.177274242,3000.0,2,0,0,0,0.0
794,1,1.25748503,26,0,0.129805014,1794.0,1,2,0,1,0.0
795,0,0.031593681,33,0,523.0,,3,0,0,0,0.0
796,0,0.35407131,51,0,0.053521541,6800.0,5,0,0,0,0.0
797,0,0.075627307,60,0,0.193786454,8400.0,9,0,1,0,0.0
798,0,0.002965614,29,0,0.515939338,3230.0,8,0,1,0,0.0
799,0,0.020390558,79,0,0.22586133600000002,2350.0,5,0,0,0,0.0
800,0,0.04564894,27,0,0.274952015,4167.0,21,0,1,0,0.0
801,1,0.962946947,50,0,0.68127587,4106.0,8,0,1,1,0.0
802,0,0.16022678699999998,31,0,0.356018715,2350.0,5,0,0,0,0.0
803,0,0.0,45,0,0.7358164540000001,10416.0,11,0,4,0,1.0
804,0,0.06740074900000001,26,0,0.166517857,4479.0,10,0,0,0,0.0
805,0,0.134374585,63,0,111.0,,2,0,0,0,0.0
806,0,0.9999998999999999,40,0,11.0,,0,0,0,0,0.0
807,0,0.013218661000000001,57,0,0.08532195699999999,7500.0,10,0,1,0,0.0
808,0,0.000358843,54,0,0.720069983,4000.0,11,0,0,0,0.0
809,0,0.975146408,33,0,0.332280979,3800.0,4,0,0,0,2.0
810,0,0.255610417,54,0,0.528550512,3414.0,9,0,1,0,1.0
811,0,0.9999998999999999,24,0,0.0,3833.0,1,0,0,0,0.0
812,0,0.682708972,41,4,0.38708711,13350.0,8,0,4,0,1.0
813,0,0.101551406,47,0,228.0,,6,0,0,0,0.0
814,0,0.013105862,76,0,736.0,,15,0,1,0,0.0
815,0,0.0,87,0,2.0,,2,0,0,0,
816,0,0.040536902,34,0,0.644091034,3646.0,11,0,1,0,0.0
817,0,0.0,46,0,0.10787812199999999,3642.0,11,0,0,0,4.0
818,0,0.013375668,82,0,0.002606106,8057.0,7,0,0,0,0.0
819,0,0.9999998999999999,48,0,0.165213329,6421.0,0,1,0,0,2.0
820,0,0.19877594,83,0,0.217065334,2800.0,9,0,0,0,0.0
821,0,0.053596215,86,0,68.0,,6,0,0,0,1.0
822,0,0.178964154,56,0,0.552930754,6772.0,6,0,1,0,1.0
823,0,0.0,90,0,0.0,,3,0,0,0,
824,0,0.0035506390000000004,73,0,415.0,,11,0,0,0,0.0
825,0,0.715720439,33,0,1.002499107,2800.0,8,0,2,0,0.0
826,0,0.011343376,85,0,13.0,,5,0,0,0,
827,0,0.158100266,45,2,0.47532270299999996,3950.0,19,0,1,0,1.0
828,0,0.626266154,56,0,0.142385321,5449.0,5,0,0,0,0.0
829,0,0.0,31,0,0.432783608,2000.0,9,0,1,0,0.0
830,0,0.48268786,30,0,0.264841895,8000.0,9,0,2,1,1.0
831,0,0.524915836,32,0,969.0,,6,0,0,0,0.0
832,0,0.335445712,40,0,0.34467983799999996,4200.0,6,0,2,1,0.0
833,0,0.0018765939999999999,79,0,0.01332778,2400.0,10,0,0,0,0.0
834,0,0.235225157,37,0,0.33503665899999996,4500.0,5,0,1,0,1.0
835,0,0.0,63,0,779.0,,6,0,1,0,0.0
836,0,0.0,28,0,852.0,,3,0,0,0,
837,0,0.001901275,69,0,0.0,5455.0,6,0,0,0,0.0
838,0,0.10772042300000001,47,0,0.21628083899999997,9200.0,12,0,3,0,2.0
839,0,0.01339933,71,0,0.01283697,2336.0,3,0,0,0,1.0
840,0,0.06409786099999999,56,0,1387.0,,11,0,1,0,0.0
841,0,0.547124146,40,0,0.121319069,9066.0,6,0,0,0,4.0
842,0,0.292567833,64,0,2231.0,0.0,5,0,1,0,0.0
843,0,0.157137145,59,0,0.26491169600000003,3000.0,8,0,0,0,1.0
844,0,0.042202964,28,0,0.286158631,4500.0,6,0,1,0,0.0
845,0,0.7342843809999999,45,0,11311.0,0.0,6,0,2,1,0.0
846,0,0.835311508,31,1,0.332527053,7854.0,9,0,1,0,0.0
847,0,0.5112397,58,0,0.963084409,9453.0,13,0,3,0,1.0
848,1,0.0,44,0,6046.0,,9,0,3,0,0.0
849,0,0.037477248,37,0,0.079193665,8333.0,9,0,0,0,0.0
850,0,0.0,68,0,0.090386385,4347.0,5,0,0,0,0.0
851,1,0.71976008,47,0,64.0,,2,2,0,0,0.0
852,0,0.047294357,57,0,0.447142596,5476.0,14,0,1,0,0.0
853,0,0.328684508,51,0,1874.0,,6,0,1,0,0.0
854,0,0.028083912000000003,50,0,0.38097673200000004,3910.0,20,0,0,0,3.0
855,0,0.003888457,74,0,4.0,,3,0,0,0,0.0
856,0,0.009654537,73,0,0.122830656,18553.0,6,0,1,0,1.0
857,1,0.778719498,81,0,0.53801306,4287.0,11,0,2,0,0.0
858,0,0.0,58,0,0.411084131,7000.0,10,0,2,0,1.0
859,0,0.05444920599999999,87,0,19.0,,1,0,0,0,0.0
860,0,0.173784093,55,0,0.19614248899999998,15916.0,14,0,3,0,0.0
861,0,0.457154579,50,0,0.10342511800000001,13400.0,7,0,0,0,2.0
862,0,0.11946064699999999,34,0,0.32224953,6916.0,5,0,1,0,0.0
863,0,0.717853471,67,0,3174.0,,15,0,3,0,0.0
864,0,0.6072056220000001,63,0,4627.0,,15,0,1,0,0.0
865,0,0.276593085,62,0,0.12183569300000001,19000.0,8,0,1,0,0.0
866,0,0.128419662,59,0,0.22643396100000002,11000.0,10,0,1,0,0.0
867,0,0.059356682,32,0,4121.0,,10,0,1,0,0.0
868,0,0.00023728400000000001,64,0,0.427787663,6743.0,10,0,1,0,0.0
869,0,0.738420926,72,0,2367.0,,11,0,1,0,0.0
870,0,0.086492476,64,0,0.074734316,5833.0,8,0,1,0,1.0
871,0,0.222472191,30,0,0.589815683,3200.0,4,0,1,0,0.0
872,0,0.035754761,79,0,0.00829363,5666.0,5,0,0,0,1.0
873,0,0.003986049,81,0,0.20716467600000002,3600.0,10,0,1,0,0.0
874,0,0.09374176199999999,41,2,0.7181719259999999,3675.0,10,0,3,0,2.0
875,0,0.23197949399999998,58,0,0.37380101600000004,10633.0,28,0,4,0,0.0
876,0,0.105969699,55,0,3063.0,,8,0,1,0,0.0
877,0,0.041411471,45,0,0.008456176,8750.0,3,0,0,0,3.0
878,0,0.22305596600000002,44,0,0.430297475,12000.0,13,0,2,0,3.0
879,0,0.452864285,49,0,0.330947228,6006.0,10,0,1,0,1.0
880,0,0.016031741000000002,74,0,1202.0,,4,0,1,0,
881,0,0.9999998999999999,26,0,0.137820513,1871.0,1,0,0,0,0.0
882,0,0.15189171,59,0,0.301074556,15075.0,13,0,2,0,0.0
883,0,0.606025418,39,3,0.375647341,7916.0,10,0,2,0,2.0
884,0,0.075168462,48,0,1421.0,,3,0,1,0,0.0
885,0,0.061833522,49,0,2788.0,,6,0,2,0,0.0
886,0,0.010186243000000001,47,0,0.022504141000000002,24750.0,7,0,0,0,2.0
887,0,0.5159756879999999,28,0,0.679853795,4650.0,14,0,1,0,0.0
888,0,0.347921078,42,0,0.37374048200000004,13000.0,11,0,2,0,2.0
889,0,0.10898315900000001,53,0,0.31035201,4800.0,10,0,1,0,0.0
890,0,0.165720783,68,0,0.311916978,8575.0,10,0,1,0,0.0
891,0,0.19462574800000002,31,1,0.283571758,4333.0,20,0,0,0,0.0
892,0,0.48987523,34,0,0.319171724,2800.0,3,0,0,0,1.0
893,0,0.958820874,56,0,0.236573549,9700.0,12,0,1,0,1.0
894,0,0.7990182709999999,30,0,1.298161471,1250.0,4,0,1,0,0.0
895,0,0.011505437,52,0,0.274253271,4050.0,9,0,1,0,0.0
896,0,0.8191157840000001,54,0,0.528381219,2853.0,7,0,1,0,0.0
897,0,0.0,39,0,0.551779288,2500.0,7,0,2,0,0.0
898,0,0.12254432400000001,57,0,0.42893401,4333.0,9,0,1,0,1.0
899,0,0.667833042,60,0,81.0,,2,0,0,0,0.0
900,0,0.3882572,45,0,1.112942122,4975.0,13,0,4,0,1.0
901,0,2.258964143,33,2,0.032483758,2000.0,1,1,0,0,2.0
902,0,0.013767118,64,0,2004.0,,10,0,2,0,0.0
903,0,0.187797808,85,0,790.0,,6,0,0,0,0.0
904,0,0.9999998999999999,34,1,0.0,5400.0,0,1,0,0,0.0
905,0,0.037379559,37,0,0.333851794,9000.0,11,0,2,0,0.0
906,0,0.00339983,63,0,0.262694922,2500.0,5,0,0,0,0.0
907,0,0.020480494,35,0,1673.0,,10,0,1,0,1.0
908,0,0.106475741,32,0,0.802308265,2685.0,5,0,1,0,1.0
909,0,0.518186405,73,0,0.5048870910000001,8900.0,17,0,1,0,1.0
910,0,0.003735788,39,0,0.459166466,4150.0,10,0,2,0,0.0
911,0,0.9999998999999999,38,0,2628.0,,6,0,1,0,0.0
912,0,0.196960608,40,0,0.006959443,4166.0,1,0,0,0,0.0
913,0,0.802993617,42,1,0.524458002,9178.0,9,0,1,0,3.0
914,0,0.9999998999999999,36,0,0.194963754,2620.0,3,0,0,0,0.0
915,0,0.707145775,64,0,3930.0,,13,0,2,0,0.0
916,0,0.288592785,51,0,0.226213976,10131.0,4,0,2,0,3.0
917,0,0.39724416100000004,25,0,0.294852574,2000.0,5,0,0,0,0.0
918,0,0.197440895,36,0,777.0,,3,0,1,0,
919,0,0.004884836,34,0,0.47490494299999997,5259.0,11,0,2,0,2.0
920,1,1.362141746,73,1,274.0,,2,3,0,1,
921,0,0.17545213,55,2,0.27018019,9600.0,11,0,2,0,0.0
922,1,0.514353049,39,0,0.984408835,2308.0,15,0,1,0,1.0
923,0,0.00069993,83,0,0.0,10500.0,4,0,0,0,0.0
924,0,0.8224002309999999,63,0,0.515793683,2500.0,12,0,0,0,0.0
925,0,0.042759899999999997,52,0,7806.0,,21,0,2,0,2.0
926,0,0.222506167,59,0,0.271467415,11400.0,9,0,2,0,0.0
927,0,0.39104560200000005,24,0,0.069040925,3200.0,11,0,0,0,0.0
928,0,0.028775625,44,0,0.137224283,5122.0,4,0,0,0,0.0
929,0,0.477367751,36,0,0.33987412100000003,2700.0,6,0,0,0,0.0
930,0,0.018538176,74,0,1184.0,,8,0,1,0,0.0
931,0,0.041366785,45,0,0.224577542,10000.0,8,0,0,0,2.0
932,0,0.9942695509999999,41,0,2809.0,,5,0,2,0,0.0
933,0,0.127159603,63,0,0.454098361,5489.0,20,0,4,0,0.0
934,0,0.6104087029999999,41,1,0.06441717799999999,2933.0,7,0,0,0,2.0
935,0,0.15664578099999998,45,1,0.5602148929999999,6700.0,8,0,2,0,2.0
936,0,0.5262016620000001,54,4,0.343546258,25000.0,9,0,3,0,1.0
937,0,0.03737868,76,1,0.37278722700000005,2880.0,8,0,1,0,0.0
938,0,0.163750645,65,0,0.266873313,10000.0,13,0,1,0,0.0
939,0,0.08638272300000001,38,0,2615.0,,6,0,1,0,
940,0,0.9999998999999999,47,0,0.370691923,3800.0,6,0,0,0,1.0
941,0,0.029132576,68,0,0.008222093,10337.0,10,0,1,0,1.0
942,0,0.15364667699999998,34,0,1.220066377,3916.0,7,0,2,0,0.0
943,0,0.083781617,46,0,0.421201915,5640.0,16,0,1,0,2.0
944,1,0.913773615,55,2,0.881655429,4300.0,17,0,2,0,1.0
945,0,0.251284106,34,0,0.75145816,8400.0,18,0,4,0,0.0
946,0,0.072587125,29,0,0.046662777999999995,12000.0,15,0,0,0,0.0
947,0,0.0,35,0,0.0,1500.0,3,0,0,0,0.0
948,0,0.133613717,43,1,0.421048246,12000.0,14,0,3,1,2.0
949,0,0.001905482,37,0,2.694610778,500.0,11,0,2,0,2.0
950,0,0.040547951,74,0,0.020736901000000002,5400.0,5,0,0,0,0.0
951,0,0.03452873,55,0,0.514162132,7166.0,7,0,2,0,1.0
952,0,0.010441271,72,0,692.0,,7,0,0,0,0.0
953,0,0.0,80,1,1589.0,,8,0,1,0,0.0
954,0,0.0018822420000000001,50,0,1.317473011,2500.0,9,0,2,0,1.0
955,0,0.015644566999999998,77,0,24.0,,5,0,0,0,
956,0,0.630901661,73,0,0.047400612,4577.0,3,0,0,0,0.0
957,0,0.0,52,0,0.257757365,8926.0,11,0,1,0,2.0
958,0,0.055228297999999995,48,0,0.146276596,12407.0,5,0,1,0,0.0
959,0,0.946508915,44,0,0.148162041,2665.0,5,0,0,0,1.0
960,0,0.0,50,0,0.0,6400.0,2,0,0,0,0.0
961,0,0.8335941579999999,44,0,178.0,,9,0,0,0,0.0
962,0,0.030327811,70,0,1934.0,,11,0,2,0,0.0
963,0,0.194273425,53,0,817.0,,13,0,0,0,3.0
964,0,0.0,70,0,0.0,3500.0,6,0,0,0,0.0
965,0,0.205655719,36,0,2082.0,,13,0,2,0,0.0
966,0,0.235752849,63,0,724.0,,3,0,0,0,0.0
967,0,0.029878794,50,0,0.318734063,13333.0,11,0,3,0,1.0
968,1,1.004421666,48,3,0.605098725,4000.0,10,0,2,0,1.0
969,0,0.154955579,62,1,2446.0,,4,1,1,0,0.0
970,0,0.016658432,53,0,0.31518720100000003,9000.0,6,0,1,0,0.0
971,0,0.47584138600000003,43,0,0.198811453,1850.0,2,0,0,0,3.0
972,0,0.061439281,58,0,0.498692509,6500.0,19,0,4,0,1.0
973,0,0.527904017,67,0,486.0,,4,0,1,0,0.0
974,0,0.31937852699999997,59,0,0.15695921300000001,6300.0,22,0,0,0,0.0
975,0,0.9999998999999999,55,0,0.167543201,5323.0,1,1,0,1,2.0
976,0,0.077910174,82,0,162.0,,2,0,0,0,0.0
977,0,0.278636315,47,0,0.5873616770000001,6867.0,22,0,1,0,4.0
978,0,0.352319991,43,0,0.246784845,8630.0,8,0,0,0,1.0
979,0,0.256314605,58,3,1.511162946,3000.0,24,0,2,0,0.0
980,0,0.0,41,0,0.346902339,5600.0,4,0,1,0,0.0
981,0,0.066113797,63,0,0.621679828,9750.0,24,0,2,0,2.0
982,0,0.7491335640000001,50,2,0.43211955399999996,4750.0,17,0,1,0,0.0
983,0,0.041992219000000004,32,0,85.0,,7,0,0,0,0.0
984,0,0.21278519899999998,37,1,106.2727273,21.0,6,0,2,0,4.0
985,0,0.951209758,36,0,0.061445262,2310.0,2,0,0,0,2.0
986,0,0.7003310509999999,45,1,0.546448087,8966.0,11,0,2,0,1.0
987,0,0.0,26,0,346.0,,8,0,0,0,0.0
988,0,0.019327551999999998,80,0,0.180763847,5000.0,11,0,0,0,0.0
989,1,0.878245498,40,0,0.18141723,3400.0,5,0,0,0,1.0
990,0,0.066928871,35,0,0.611050027,3637.0,5,0,1,0,2.0
991,0,0.11032732099999999,52,0,0.313439924,6316.0,16,0,2,0,1.0
992,1,0.22874291100000002,38,2,3558.0,,19,0,3,0,2.0
993,0,0.691722293,78,0,0.691183331,6430.0,6,0,2,0,0.0
994,0,0.275946359,57,1,0.283411686,13400.0,10,0,1,0,0.0
995,0,0.037454421,57,0,0.355043926,3300.0,17,0,1,0,0.0
996,0,0.357684244,32,1,710.0,,6,0,0,0,0.0
997,0,0.102950576,43,1,0.252274773,10000.0,18,0,3,0,3.0
998,0,0.9999998999999999,60,1,10.17127624,3000.0,4,0,1,1,0.0
999,0,0.040283239,54,0,0.135553584,12400.0,11,0,1,0,0.0
1000,0,0.352989385,59,1,0.43955635,13433.0,18,0,2,0,2.0
